Date,Business Name,Category,Type,Amount,Notes
2026-02-25,בהצדעה,Shopping,Expense,42.0,
2025-08-07,מורגן,Shopping,Expense,115.0,
2025-08-08,מאיה סנדלר,Shopping,Expense,140.0,
2025-08-08,"טעינות ""חבר שלי",Entertainment,Expense,440.0,
2025-08-09,PAYPAL ALIPAYSING,Shopping,Expense,38.54,
2025-08-13,רולדין מתמ,Restaurants,Expense,32.0,
2025-08-14,סופר ורדיה,Groceries,Expense,42.28,
2025-08-14,ברדיצ'ב כרמל,Restaurants,Expense,84.0,
2025-08-14,ברדיצ'ב כרמל,Restaurants,Expense,11.0,
2025-08-15,רועי קפון,Shopping,Expense,70.0,
2025-08-17,PAYPAL ALIPAYSING,Shopping,Expense,178.11,
2025-08-18,"רי באר בע""מ",Restaurants,Expense,27.0,
2025-08-19,טלמיר אלקטרוניקה,Utilities & Bills,Expense,120.0,
2025-08-21,PAYPAL ALIPAYSING,Shopping,Expense,46.55,
2025-08-21,YELLOW קיט ונופש,Transportation,Expense,47.8,
2025-08-22,הוצאה לפועל,Entertainment,Expense,33.9,
2025-08-24,פז YELLOW,Transportation,Expense,227.56,
2025-08-24,מלגהפו,Shopping,Expense,350.0,
2025-08-25,קופת כרטיסים,Entertainment,Expense,208.0,
2025-08-25,טרמינל X,Shopping,Expense,35.9,
2025-08-25,הראל סיעוד כללית,Investment Fund,Expense,13.97,
2025-08-25,קפה סילבה,Restaurants,Expense,40.0,
2025-08-25,אביזרי אופנה,Shopping,Expense,335.0,
2025-08-26,חניוני הפארק הלאומי,Shopping,Expense,32.0,
2025-08-26,ברבור אירועים,Entertainment,Expense,28.0,
2025-08-26,רכב דירה עסק,Utilities & Bills,Expense,539.62,
2025-08-27,פנגו חשבונית חודשית,Transportation,Expense,35.84,
2025-08-27,לבחינות בתי ספר,Shopping,Expense,299.0,
2025-08-27,טרנס אופטיק,Shopping,Expense,100.0,
2025-08-28,מכון מור,Investment Fund,Expense,38.0,
2025-08-28,אביזרי אופנה,Shopping,Expense,100.0,
2025-08-28,פארם חורב חיפה,Health & Pharmacy,Expense,93.58,
2025-08-29,אורי בלנק,Shopping,Expense,3350.0,
2025-08-29,חוצות המפרץ,Shopping,Expense,40.0,
2025-08-29,הלה חורי,Shopping,Expense,885.0,
2025-08-30,THE VIEW,Shopping,Expense,50.0,
2025-08-30,"טעינות ""חבר שלי",Entertainment,Expense,320.0,
2025-08-30,פז YELLOW,Transportation,Expense,280.08,
2025-08-31,כרמל תחבורה,Shopping,Expense,320.0,
2025-09-02,פנאי ספורט,Shopping,Expense,160.0,
2025-09-02,סופר פארם ח.המפרץ,Health & Pharmacy,Expense,89.8,
2025-09-04,שרותי בריאות כללית,Health & Pharmacy,Expense,150.9,
2025-09-04,מכון מור,Investment Fund,Expense,20.0,
2025-09-05,EMIRATES.COM,Shopping,Expense,1869.57,
2025-09-05,WWW.HOSTELWORLD.CO,Shopping,Expense,14.33,
2025-09-05,חוף דור,Shopping,Expense,15.0,
2025-09-05,"טעינות ""חבר שלי",Entertainment,Expense,790.0,
2025-09-05,"טעינות ""חבר שלי",Entertainment,Expense,240.0,
2025-09-05,"כלל חו""ל",Utilities & Bills,Expense,39.46,
2025-09-06,PAYPAL LETHITHANH,Shopping,Expense,48.25,
2025-09-06,"עסקת מט""ח",Shopping,Expense,864.3,
2025-09-06,טוקה מתחם הנמל,Entertainment,Expense,38.0,
2025-09-08,THB TRUE SUVA,Shopping,Expense,126.07,
2025-09-08,WWW.HOSTELWORLD.CO,Shopping,Expense,23.81,
2025-09-09,2GO,Shopping,Expense,293.22,
2025-09-10,חיוב עסקאות,Shopping,Expense,11258.09,
2025-09-10,עידו הדרי,Shopping,Expense,120.0,
2025-09-11,THB ZENZA MASSAGE,Shopping,Expense,82.8,
2025-09-11,THB CAFE'DE SIAM,Shopping,Expense,7.49,
2025-09-11,"THB R MCO.,LTD",Shopping,Expense,34.31,
2025-09-11,"ATM מט""ח בחו""ל",Shopping,Expense,111.29,
2025-09-12,THB BAYA,Shopping,Expense,3179.85,
2025-09-12,THB ZENZA MASSAGE,Shopping,Expense,16.48,
2025-09-12,THB RUNGJALERNCHAI PAN,Shopping,Expense,127.56,
2025-09-12,THB ZENZA MASSAGE,Shopping,Expense,65.71,
2025-09-12,WWW.HOSTELWORLD.CO,Shopping,Expense,4.62,
2025-09-12,THB MAD MONKEY,Shopping,Expense,32.17,
2025-09-17,WWW.HOSTELWORLD.CO,Shopping,Expense,6.8,
2025-09-18,THB TRIP.COM,Shopping,Expense,364.43,
2025-09-18,THB TRIP.COM,Shopping,Expense,538.35,
2025-09-21,הראל סיעוד כללית,Investment Fund,Expense,14.06,
2025-09-22,THB UNIQLO C.FESTIVAL,Shopping,Expense,357.26,
2025-09-22,PAYPAL APPLE.COM,Entertainment,Expense,33.9,
2025-09-24,שחף סנאדו,Shopping,Expense,800.0,
2025-09-26,פנגו חשבונית חודשית,Transportation,Expense,13.49,
2025-09-28,רכב דירה עסק,Utilities & Bills,Expense,539.63,
2025-09-28,2GO,Shopping,Expense,140.61,
2025-09-28,THB EMIRATES.COM,Shopping,Expense,3175.95,
2025-09-28,THB ETIHAD AI607241224,Shopping,Expense,3639.74,
2025-09-28,THB ETIHAD AI607241224,Shopping,Income,3626.16,
2025-09-29,"ATM מט""ח בחו""ל",Shopping,Expense,72.93,
2025-09-30,THB BAYA,Shopping,Expense,2083.61,
2025-10-05,THB UNIQLO ICONSIAM,Shopping,Expense,61.52,
2025-10-05,THB SCT SAMITIVEJ,Shopping,Expense,16.62,
2025-10-06,ברדיצ'ב כרמל,Restaurants,Expense,135.0,
2025-10-06,UAE HWH DX03,Shopping,Expense,68.69,
2025-10-06,שירותי תקשו תקשורת,Utilities & Bills,Expense,10.0,
2025-10-07,פז YELLOW,Transportation,Expense,105.9,
2025-10-08,פרחי מיקה,Transportation,Expense,210.0,
2025-10-08,בראון,Shopping,Expense,40.0,
2025-10-09,אייבורי מחשבים,Shopping,Expense,146.0,
2025-10-13,דומינוס פיצה,Restaurants,Expense,58.0,
2025-10-13,עסקת תשלומים (שיטרית),Utilities & Bills,Expense,100.0,
2025-10-16,עזריאלי,Shopping,Expense,22.5,
2025-10-17,מכבי חיפה (איצטדיון),Entertainment,Expense,169.0,
2025-10-18,איצטדיון סמי עופר,Entertainment,Expense,58.0,
2025-10-19,פז YELLOW,Transportation,Expense,282.94,
2025-10-21,רי באר אפליקציה,Restaurants,Expense,27.0,
2025-10-22,הראל סיעוד כללית,Investment Fund,Expense,13.98,
2025-10-22,PAYPAL APPLE.COM,Entertainment,Expense,33.9,
2025-10-23,"ת""א האונ",Shopping,Expense,12.0,
2025-10-24,סופר ורדיה,Groceries,Expense,7.28,
2025-10-24,RCCL APPLEPAY,Entertainment,Expense,46.55,
2025-10-25,לנדוור מוצקין,Restaurants,Expense,135.0,
2025-10-26,PAYPAL NOMAD ESIM,Shopping,Expense,61.02,
2025-10-27,פנגו חשבונית חודשית,Transportation,Expense,37.47,
2025-10-28,מידר אשל,Shopping,Expense,50.0,
2025-10-29,רכב דירה עסק,Utilities & Bills,Expense,539.62,
2025-10-30,RFC DISNEY WORLD,Shopping,Expense,233.57,
2025-10-30,N J,Shopping,Expense,122.8,
2025-10-30,U SOUTLET STORE,Shopping,Expense,126.29,
2025-10-30,NIKEPOS US,Shopping,Expense,122.74,
2025-10-30,TST BOTTLENECK MA,Shopping,Expense,94.47,
2025-10-30,STARBUCKS STORE,Restaurants,Expense,40.35,
2025-10-31,TARGET,Shopping,Expense,53.07,
2025-10-31,STARBUCKS USF,Restaurants,Expense,78.58,
2025-10-31,USF GAMES,Shopping,Expense,65.59,
2025-10-31,S QJOFFR,Shopping,Expense,20.93,
2025-11-02,ACAI BRAZIL VINELA,Shopping,Expense,51.14,
2025-11-02,ORLANDO PREMIUM OU,Shopping,Expense,196.78,
2025-11-02,UNIQLO USA LLC,Shopping,Expense,487.93,
2025-11-02,ORLANDO I,Shopping,Expense,94.26,
2025-11-02,WDW CATALINA EDDIE,Shopping,Expense,57.92,
2025-11-02,FAST FOOD BLVD0120,Shopping,Expense,78.55,
2025-11-02,WDW TROLLEY CARCAF,Shopping,Expense,21.84,
2025-11-03,S QSHAKE SHACK,Shopping,Expense,29.9,
2025-11-03,S QHOLLYWOOD HERO,Shopping,Expense,145.05,
2025-11-09,PAYPAL UBER,Transportation,Expense,28.48,
2025-11-10,הוצאה לפועל,Shopping,Expense,3208.52,
2025-11-10,APPLE STORE R087,Entertainment,Income,1083.54,
2025-11-10,MARSHALLS,Shopping,Expense,34.92,
2025-11-13,ברדיצ'ב כרמל,Restaurants,Expense,83.0,
2025-11-15,קפה סילבה,Restaurants,Expense,19.0,
2025-11-15,סליק,Shopping,Expense,100.0,
2025-11-18,קפה סילבה,Restaurants,Expense,21.0,
2025-11-19,BBB קריון,Shopping,Expense,140.0,
2025-11-20,פז YELLOW,Transportation,Expense,212.81,
2025-11-21,טוקה מתחם הנמל,Entertainment,Expense,30.0,
2025-11-22,PAYPAL APPLE.COM,Entertainment,Expense,11.9,
2025-11-22,רודיס,Shopping,Expense,7.28,
2025-11-22,חוצות המפרץ גמא,Shopping,Expense,62.32,
2025-11-22,חוצות המפרץ גמא,Shopping,Expense,286.97,
2025-11-24,הראל סיעוד כללית,Investment Fund,Expense,14.05,
2025-11-27,פז YELLOW,Transportation,Expense,147.71,
2025-11-27,פז YELLOW,Transportation,Expense,42.9,
2025-11-27,פנגו חשבונית חודשית,Transportation,Expense,9.9,
2025-11-28,ניהול מגדל ארמו,Investment Fund,Expense,24.0,
2025-11-28,סופר ורדיה,Groceries,Expense,53.9,
2025-12-02,פארם גרנד קניון,Health & Pharmacy,Expense,62.19,
2025-12-02,פארם גרנד קניון,Health & Pharmacy,Expense,34.9,
2025-12-03,ספרי דיונון טכניון,Shopping,Expense,408.0,
2025-12-04,אפליקציית מועד,Shopping,Expense,99.0,
2025-12-07,שרותי בריאות כללית,Health & Pharmacy,Expense,160.0,
2025-12-07,פז YELLOW,Transportation,Expense,294.34,
2025-12-10,"הנחת ילדי מח""צ",Shopping,Expense,178.0,
2025-12-11,"הנחת ילדי מח""צ",Shopping,Expense,16.4,
2025-12-12,מכולת סופר קרדיט,Groceries,Expense,80.0,
2025-12-13,טוקה מתחם הנמל,Entertainment,Expense,141.0,
2025-12-14,נונה טכניון,Shopping,Expense,14.0,
2025-12-14,גרנד קניון מעדניות,Shopping,Expense,42.0,
2025-12-15,"סטודנט בע""מ",Shopping,Expense,7.0,
2025-12-16,מכבי חיפה (איצטדיון),Entertainment,Expense,280.0,
2025-12-16,חורב בניה שיפוץ,Shopping,Expense,10.0,
2025-12-17,סופר ורדיה,Groceries,Expense,7.28,
2025-12-20,פז YELLOW,Transportation,Expense,284.29,
2025-12-20,קריית חיים,Shopping,Expense,115.0,
2025-12-20,"טעינות ""חבר שלי",Entertainment,Expense,476.0,
2025-12-22,PAYPAL APPLE.COM,Entertainment,Expense,11.9,
2025-12-23,הראל סיעוד כללית,Investment Fund,Expense,13.98,
2025-12-24,אייבורי מחשבים,Shopping,Expense,49.0,
2025-12-24,"סטודנט בע""מ",Shopping,Expense,11.0,
2025-12-24,PANDA WOK,Restaurants,Expense,49.0,
2025-12-26,סופר ורדיה,Groceries,Expense,35.0,
2025-12-27,נולה סוקס,Restaurants,Expense,90.0,
2025-12-27,פנגו חשבונית חודשית,Transportation,Expense,19.88,
2025-12-28,"טעינות ""חבר שלי",Entertainment,Expense,96.0,
2025-12-31,BBB מוריה,Restaurants,Expense,302.0,
2025-12-31,להל,Groceries,Expense,12.0,
2026-01-01,פז YELLOW,Transportation,Expense,256.51,
2026-01-03,"טעינות ""חבר שלי",Entertainment,Expense,104.0,
2026-01-03,טוקה מתחם הנמל,Entertainment,Expense,70.0,
2026-01-04,מרכז הכרמל,Shopping,Expense,60.0,
2026-01-05,ברדיצ'ב מרכז,Restaurants,Expense,37.0,
2026-01-06,בית הסטודנט,Shopping,Expense,7.0,
2026-01-07,בית הסטודנט,Shopping,Expense,8.0,
2026-01-07,מכונות אוטומטיות,Shopping,Expense,3.0,
2026-01-07,ארז שמואלי,Shopping,Expense,66.0,
2026-01-11,בית הסטודנט,Shopping,Expense,11.0,
2026-01-12,פז YELLOW,Transportation,Expense,220.91,
2026-01-13,בית הסטודנט,Shopping,Expense,7.0,
2026-01-14,נונה טכניון,Shopping,Expense,11.0,
2026-01-16,פנאי ספורט,Shopping,Expense,270.0,
2026-01-16,סופר ורדיה,Groceries,Expense,70.0,
2026-01-17,נולה סוקס,Restaurants,Expense,94.0,
2026-01-18,בית הסטודנט,Shopping,Expense,11.0,
2026-01-21,נונה טכניון,Shopping,Expense,11.0,
2026-01-22,הראל סיעוד כללית,Investment Fund,Expense,13.98,
2026-01-22,רובן חיפה,Shopping,Expense,113.0,
2026-01-22,PAYPAL APPLE.COM,Entertainment,Expense,11.9,
2026-01-23,קונג ביג,Shopping,Expense,153.0,
2026-01-24,איליי כליב,Shopping,Expense,99.4,
2026-01-24,כרטיס נטען בהצדעה,Shopping,Expense,139.2,
2026-01-24,שחף סנאדו,Shopping,Expense,260.0,
2026-01-25,בית הסטודנט,Shopping,Expense,7.0,
2026-01-26,פז YELLOW,Transportation,Expense,22.0,
2026-01-26,פז YELLOW,Transportation,Expense,206.66,
2026-01-27,פנגו חשבונית חודשית,Transportation,Expense,20.77,
2026-01-28,מכונות אוטומטיות,Shopping,Expense,6.0,
2026-01-28,מ. התחבורה מסופונים,Shopping,Expense,1337.0,
2026-01-28,מכבי חיפה (איצטדיון),Entertainment,Expense,190.0,
2026-01-29,דניאל גיל,Shopping,Expense,870.0,
2026-01-29,שווארמה ובס,Restaurants,Expense,49.0,
2026-01-30,סופר ורדיה,Groceries,Expense,54.6,
2026-01-31,בהצדעה,Shopping,Expense,698.0,
2026-01-31,כנאפה ובס,Shopping,Expense,30.0,
2026-01-31,רי באר אפליקציה,Restaurants,Expense,54.0,
2026-02-01,PANDA WOK,Restaurants,Expense,51.0,
2026-02-02,נותנים באהבה,Shopping,Expense,100.0,
2026-02-03,"סטודנט בע""מ",Shopping,Expense,7.0,
2026-02-03,אמריקן איגל,Shopping,Expense,4.97,
2026-02-03,TICKETS הופעות וכ,Shopping,Expense,279.0,
2026-02-04,נונה טכניון,Shopping,Expense,8.0,
2026-02-05,פנצ'ריית עלוש אמין,Shopping,Expense,280.0,
2026-02-05,שרותי בריאות כללית,Health & Pharmacy,Expense,40.0,
2026-02-07,לנדוור מוצקין,Restaurants,Expense,115.0,
2026-02-08,סופר שמשון מרקט,Shopping,Expense,10.92,
2026-02-11,עסקת תשלומים (שיטרית),Utilities & Bills,Expense,133.0,
2026-02-11,עסקת תשלומים (שיטרית),Utilities & Bills,Expense,134.0,
2026-02-12,שיווק ישיר,Shopping,Expense,308.0,
2026-02-12,פז YELLOW,Transportation,Expense,224.42,
2026-02-12,פז YELLOW רוממה,Transportation,Expense,9.9,
2026-02-13,לאומי הוראות,Utilities & Bills,Expense,163.0,
2026-02-13,פז YELLOW רוממה,Transportation,Expense,119.0,
2026-02-14,נאופוליטן,Shopping,Expense,400.0,
2026-02-18,ידידים סיוע בדרכים,Shopping,Expense,72.0,
2026-02-18,קפה טכניון,Restaurants,Expense,15.0,
2026-02-18,פארם גרנד קניון,Health & Pharmacy,Expense,55.9,
2026-02-18,"טעינות ""חבר שלי",Entertainment,Expense,600.0,
2026-02-21,פז YELLOW,Transportation,Expense,287.1,
2026-02-21,פז YELLOW,Transportation,Expense,18.0,
2026-02-22,PANDA WOK,Restaurants,Expense,49.0,
2026-02-22,PAYPAL APPLE.COM,Entertainment,Expense,11.9,
2026-02-23,הראל סיעוד כללית,Investment Fund,Expense,13.94,
2026-02-23,שרותי בריאות כללית,Health & Pharmacy,Expense,57.4,
2026-02-25,בהצדעה,Shopping,Expense,42.0,
2026-02-27,פנגו חשבונית חודשית,Transportation,Expense,26.85,
2026-03-03,PAYPAL AISGECOMME,Shopping,Expense,6.2,
2026-03-05,ברדיצ'ב מרכז,Restaurants,Expense,173.0,
2026-03-05,רשוי בתי ספר,Shopping,Expense,121.0,
2026-03-05,שחף סנאדו,Shopping,Expense,725.0,
2026-03-05,"הנחת ילדי מח""צ",Shopping,Expense,68.9,
2026-03-08,תרומה למדא,Shopping,Expense,30.0,
2026-03-09,חובה תשלום מתוך,Utilities & Bills,Expense,342.0,
2026-03-10,בהצדעה,Shopping,Expense,65.0,
2026-03-10,דומינוס פיצה,Restaurants,Expense,16.0,
2026-03-11,"טעינות ""חבר שלי",Entertainment,Expense,157.0,
2026-03-12,פז YELLOW,Transportation,Expense,267.68,
2026-03-13,מנדרין מוריה,Shopping,Expense,25.0,
2026-03-16,לאומי הוראות,Utilities & Bills,Expense,163.0,
2026-03-17,קפה סילבה,Restaurants,Expense,28.0,
2026-03-18,קרית חיים,Shopping,Expense,15.0,
2026-03-19,פיצה סילביה,Restaurants,Expense,122.0,
2026-03-20,בשוק בעמ,Shopping,Expense,210.0,
2026-03-21,פז YELLOW,Transportation,Expense,292.69,
2026-03-21,מרכז הכרמ,Shopping,Expense,33.0,
2026-03-22,PAYPAL APPLE.COM,Entertainment,Expense,11.9,
2026-03-23,הראל סיעוד כללית,Investment Fund,Expense,13.97,
2026-03-23,שרותי בריאות כללית,Health & Pharmacy,Expense,81.03,
2026-03-24,"קר בע""מ",Shopping,Expense,6.0,
2026-03-25,"הנחת ילדי מח""צ",Utilities & Bills,Expense,451.14,
2026-03-25,פז YELLOW,Transportation,Expense,252.94,
2026-03-25,MEATBAR BURGER,Shopping,Expense,66.0,
2026-03-27,פנגו חשבונית חודשית,Transportation,Expense,5.04,
2026-03-30,כביש,Shopping,Expense,825.0,
2026-03-30,גליל,Groceries,Expense,193.8,
2026-03-31,בהצדעה,Shopping,Expense,65.0,
2026-04-01,כרטיס נטען בהצדעה,Shopping,Expense,337.5,
2026-04-01,חוצות,Groceries,Expense,29.0,
2026-04-01,גליל,Groceries,Expense,295.0,
2026-04-01,"טעינות ""חבר שלי",Entertainment,Expense,197.0,
2026-04-01,יין בעיר חיפה,Shopping,Expense,118.66,
2026-04-03,להל,Groceries,Expense,15.0,
2026-04-03,WOLT,Restaurants,Expense,190.9,
2026-04-06,PAYPAL AISGECOMME,Shopping,Expense,39.15,
2026-04-08,פז YELLOW,Transportation,Expense,289.73,
2026-04-08,בנדיקט כרמיאל,Shopping,Expense,190.0,
2026-04-10,עמיעד,Groceries,Expense,25.8,
2026-04-10,פרחים משתלות,Shopping,Expense,60.0,
2026-04-13,גולדה ראש פינה,Restaurants,Expense,31.0,
2026-04-13,פינה גמא,Shopping,Expense,83.0,
2026-04-14,מור,Investment Fund,Expense,91.5,
2026-04-14,גולדה ראש פינה,Restaurants,Expense,31.0,
2026-04-14,"הנחת ילדי מח""צ",Groceries,Expense,59.9,
2026-04-14,ראש פינה,Shopping,Expense,65.0,
2026-04-15,לאומי הוראות,Utilities & Bills,Expense,171.0,
2026-04-15,ראש פינה,Shopping,Expense,75.0,
2026-04-15,PAYPAL APPLE.COM,Entertainment,Expense,25.9,
2026-04-16,ראש פינה,Shopping,Expense,80.0,
2026-04-17,פז YELLOW,Transportation,Expense,334.78,
2026-04-17,מילהאוס קפה,Restaurants,Expense,18.0,
2026-04-19,גולדה ראש פינה,Restaurants,Expense,28.0,
2026-04-19,ראש פינה,Shopping,Expense,85.0,
2026-04-20,שרותי בריאות כללית,Health & Pharmacy,Expense,81.34,
2026-04-20,הראל סיעוד כללית,Investment Fund,Expense,14.02,
2026-04-22,PAYPAL APPLE.COM,Entertainment,Expense,11.9,
2026-04-22,החוף בלנגה,Shopping,Expense,75.0,
2026-04-22,גיא נוימן,Shopping,Expense,70.0,
2026-04-23,פז YELLOW,Transportation,Expense,338.39,
2026-04-24,קופיקו,Shopping,Expense,20.0,
2026-04-25,אפליקציית מועד,Shopping,Expense,169.0,
2026-04-25,קרולינה למקה גמא,Shopping,Expense,50.0,
2026-04-25,ויוינו קריות,Shopping,Expense,100.0,
2026-04-26,איי.די.איי נסיעות לח,Utilities & Bills,Expense,25.53,
2026-04-26,מ.התחבורה פנגו מוביט,Transportation,Expense,8.0,
2026-04-26,סופר ורדיה,Groceries,Expense,7.28,
2026-04-26,דולרית לפי שער,Entertainment,Expense,1422.82,
2026-04-27,sun flour bakery,Shopping,Expense,51.0,
2026-04-27,"הנחת ילדי מח""צ",Utilities & Bills,Expense,452.89,
2026-04-29,ברדיצ'ב מרכז,Restaurants,Expense,48.0,
2026-04-29,פארם גרנד קניון,Health & Pharmacy,Expense,135.6,
2026-05-01,מילהאוס קפה,Restaurants,Expense,92.0,
2026-05-01,פז YELLOW,Transportation,Expense,242.2,
2026-05-01,פז YELLOW רוממה,Transportation,Expense,55.0,
2026-05-02,שדה תעופה,Utilities & Bills,Expense,20.0,
2026-05-02,PAYPAL UBERPAYMEN,Transportation,Expense,89.41,
2026-05-03,WWW.NOMADESIM.COM,Shopping,Expense,26.8,
2026-05-04,PARASKEVOPOULOS KA,Shopping,Expense,175.03,
2026-05-04,NYX PHARMACYXIMERI,Shopping,Expense,13.66,
2026-05-04,LITTLE KOOK OE,Shopping,Expense,105.5,
2026-05-05,PAYPAL UBERPAYMEN,Transportation,Expense,42.75,
2026-05-05,PAYPAL UBERPAYMEN,Transportation,Expense,35.86,
2026-05-05,ALDI GUSHA SIA,Shopping,Expense,69.52,
2026-05-05,דולרית לפי שער,Entertainment,Expense,114.82,
2026-05-05,OASA ATHENS,Shopping,Expense,31.28,
2026-05-05,ZARA HELLAS S.A,Shopping,Expense,524.17,
2026-05-06,דולרית לפי שער,Entertainment,Expense,113.22,
2026-05-06,PAYPAL UBERPAYMEN,Transportation,Expense,3.57,
2026-05-06,PAYPAL UBERPAYMEN,Transportation,Expense,141.08,
2026-05-06,PULL BEAR,Shopping,Expense,211.02,
2026-05-06,FAIRYTALE EL PARAM,Shopping,Expense,121.63,
2026-05-06,LOCO MEXICANITO IK,Shopping,Expense,110.57,
2026-05-07,DUDE,Shopping,Expense,69.12,
2026-05-07,STARBUCKS MONASTIR,Restaurants,Expense,42.86,
2026-05-07,EAMA MON IKE,Shopping,Expense,69.12,
2026-05-07,ZARA HELLAS,Shopping,Expense,445.36,
2026-05-07,סופר שוק אורנים,Shopping,Expense,7.2,
2026-05-07,אפליקציית מועד,Shopping,Expense,49.0,
2026-05-08,KONTOULIS KONSTANT,Shopping,Expense,69.05,
2026-05-08,PECHNIDIA MOUSTAKA,Shopping,Expense,639.04,
2026-05-09,מכבי חיפה (איצטדיון),Entertainment,Expense,205.0,
2026-05-09,קפה משחקים,Restaurants,Expense,125.0,
2026-05-10,sun flour bakery,Shopping,Expense,47.0,
2026-05-10,WOLT,Restaurants,Expense,75.6,
2026-05-11,"סטודנט בע""מ",Shopping,Expense,13.0,
2026-05-12,נונה טכניון,Shopping,Expense,11.0,
2026-05-12,בהצדעה,Shopping,Expense,247.0,
2026-05-13,יופיי אלגוריתם הפקות,Restaurants,Expense,100.0,
2026-05-13,ניו בר,Restaurants,Expense,70.0,
2026-05-13,"הנחת ילדי מח""צ",Shopping,Expense,71.16,
2026-05-13,"טעינות ""חבר שלי",Entertainment,Expense,80.0,
2026-05-13,"טעינות ""חבר שלי",Entertainment,Expense,200.0,
2026-05-14,פז YELLOW,Transportation,Expense,306.93,
2026-05-15,לאומי הוראות,Utilities & Bills,Expense,171.0,
2026-05-16,קפה משחקים,Restaurants,Expense,105.0,
2026-05-17,ברדיצ'ב מרכז,Restaurants,Expense,146.0,
2026-05-17,נונה טכניון,Shopping,Expense,18.0,
2026-05-19,אודיגו,Shopping,Expense,105.0,
2026-05-19,אודיגו,Shopping,Expense,35.0,
2026-05-19,בארים ומשקאות באירוע,Entertainment,Expense,58.0,
2026-05-20,בהצדעה,Shopping,Expense,219.0,
2026-05-21,פז YELLOW,Transportation,Expense,113.9,
2026-05-21,פז YELLOW,Transportation,Expense,314.77,
2026-05-21,סופר ורדיה,Groceries,Expense,75.0,
2026-05-22,PAYPAL APPLE.COM,Entertainment,Expense,11.9,
2026-05-23,במושבה מקורה,Shopping,Expense,138.0,
2026-05-23,נולה סוקס,Restaurants,Expense,32.0,
2026-05-24,שרותי בריאות כללית,Health & Pharmacy,Expense,82.28,
2026-05-24,הראל סיעוד כללית,Investment Fund,Expense,14.19,
2026-05-25,"הנחת ילדי מח""צ",Utilities & Bills,Expense,458.12,
2026-05-27,PAYPAL AISGECOMME,Shopping,Expense,56.71,
2026-05-27,פנגו חשבונית חודשית,Transportation,Expense,27.6,
2026-05-28,פז YELLOW,Transportation,Expense,162.97,
2026-05-28,פז YELLOW,Transportation,Expense,35.0,
2026-05-29,החוף השקט חי,Transportation,Expense,60.75,
2026-05-30,שאוורמה הצומת,Shopping,Expense,57.0,
2026-06-01,בהצדעה,Shopping,Expense,379.0,
2026-06-02,נונה טכניון,Shopping,Expense,18.0,
2026-06-03,בית הסטודנט,Shopping,Expense,1.0,
2026-06-05,פז YELLOW,Transportation,Expense,5.0,
2026-06-05,פז YELLOW,Transportation,Expense,272.63,
2026-06-05,"טעינות ""חבר שלי",Entertainment,Expense,344.0,
2026-06-06,פז YELLOW,Transportation,Expense,101.06,
2026-06-07,דרך ארץ אישי,Transportation,Expense,41.83,
2026-06-07,פיצה חללית,Restaurants,Expense,80.0,
2026-06-08,במתמ פנאי ספורט,Shopping,Expense,290.0,
2026-06-10,פז YELLOW,Transportation,Expense,104.54,
2026-06-11,אמפי מקס,Shopping,Expense,31.0,
2026-06-11,פז YELLOW,Transportation,Expense,30.1,
2026-06-12,לאומי הוראות,Utilities & Bills,Expense,171.0,
2026-06-13,פז YELLOW,Transportation,Expense,251.91,
2026-06-15,"סטודנט בע""מ",Shopping,Expense,8.0,
2026-06-15,PANDA WOK,Restaurants,Expense,49.0,
2026-06-17,"סטודנט בע""מ",Shopping,Expense,8.0,
2026-06-18,בית הסטודנט,Shopping,Expense,12.0,
2026-06-19,פרחי מיקה,Transportation,Expense,80.0,
2026-06-19,פרחי מיקה,Transportation,Expense,150.0,
2026-06-20,קפה משחקים,Restaurants,Expense,108.9,
2026-06-21,ישראל מכונות,Shopping,Expense,65.0,
2026-06-21,"סטודנט בע""מ",Shopping,Expense,7.0,
2026-06-22,פז YELLOW,Transportation,Expense,325.81,
2026-06-22,PAYPAL APPLE.COM,Entertainment,Expense,11.9,
2026-06-23,יד שרה,Shopping,Expense,100.0,
2026-06-23,שרותי בריאות כללית,Health & Pharmacy,Expense,82.05,
2026-06-23,הראל סיעוד כללית,Investment Fund,Expense,14.15,
2026-06-24,לויס טכניון,Shopping,Expense,9.0,
2026-06-24,לויס טכניון,Shopping,Expense,12.0,
2026-06-25,"הנחת ילדי מח""צ",Utilities & Bills,Expense,456.82,
2026-06-25,מ.התחבורה פנגו מוביט,Transportation,Expense,5.33,
2026-06-25,טרמינל X,Shopping,Expense,444.64,
2026-06-26,"טעינות ""חבר שלי",Entertainment,Expense,160.0,
2026-06-26,בהצדעה,Shopping,Expense,280.0,
2026-06-26,מנגו,Shopping,Expense,462.42,
2026-06-26,פנגו חניונים,Transportation,Expense,19.4,
2026-06-27,פנגו חשבונית חודשית,Transportation,Expense,22.24,
2026-06-28,"סטודנט בע""מ",Shopping,Expense,27.0,
2026-06-28,אגד קנסות תחבורה,Transportation,Expense,100.0,
2026-06-29,בשוק בעמ,Shopping,Expense,170.0,
2026-06-30,פוקס צ'יק פוסט,Shopping,Expense,99.9,
2026-06-30,PAYPAL AISGECOMME,Shopping,Expense,42.11,
2026-07-01,"רי באר בע""מ",Restaurants,Expense,18.2,
2026-07-02,פז YELLOW,Transportation,Expense,251.98,
2026-07-02,בית הסטודנט,Shopping,Expense,7.0,
2026-07-03,קומי (משרד כרטיסים),Entertainment,Expense,99.0,
2026-07-04,בהצדעה,Shopping,Expense,339.0,
2026-07-04,מרכז קהילתי יוקנעם,Shopping,Expense,12.0,
2026-07-04,מרקט,Groceries,Expense,13.9,
2026-07-05,שולטיק,Shopping,Expense,70.0,
2026-07-05,נונה טכניון,Shopping,Expense,8.0,
2026-07-05,טרמינל X,Shopping,Income,269.45,
2026-07-05,מכבי חיפה (איצטדיון),Entertainment,Expense,164.0,
2026-07-06,בראון,Shopping,Expense,70.0,
2026-07-06,בהצדעה,Shopping,Expense,136.0,
2026-07-06,בית הסטודנט,Shopping,Expense,7.0,
2026-07-06,"טעינות ""חבר שלי",Entertainment,Expense,320.0,
2026-07-07,שרותי בריאות כללית,Health & Pharmacy,Expense,20.0,
2026-07-07,סיוע לימוד לסטודנטים,Shopping,Expense,315.0,
2026-07-08,בהצדעה,Shopping,Income,379.0,
2026-07-09,שולטיק,Shopping,Expense,95.0,
2026-07-09,בית הסטודנט,Shopping,Expense,13.0,
2026-07-09,הגליל ג'יבלי,Shopping,Expense,30.0,
2026-07-10,סילביה באמפר,Shopping,Expense,200.0,
2026-07-10,סונול מול החוף,Transportation,Expense,310.49,
2026-07-12,בית הסטודנט,Shopping,Expense,12.0,
2026-07-13,שווארמה נינוי,Restaurants,Expense,32.0,
2026-07-14,גו אאוט כרטיסים,Entertainment,Expense,107.5,
2026-07-15,בית הסטודנט,Shopping,Expense,12.0,
2026-07-15,בית הסטודנט,Shopping,Expense,9.0,
2026-07-15,לאומי הוראות,Utilities & Bills,Expense,171.0,
2026-07-15,האנגר בעמ,Shopping,Expense,65.0,
2026-07-15,האנגר בעמ,Shopping,Expense,66.0,
2026-07-17,אייבורי מחשבים,Shopping,Expense,79.0,
2026-07-18,קפה ברנצו,Restaurants,Expense,142.0,
2026-07-19,מכונות אוטומטיות,Shopping,Expense,8.0,
2026-07-20,נולה סוקס,Restaurants,Expense,110.0,
2026-07-20,בית הסטודנט,Shopping,Expense,22.0,
2026-07-21,"טעינות ""חבר שלי",Entertainment,Expense,764.0,
2026-07-22,הכרמל כלי בית,Shopping,Expense,60.0,
2026-07-22,נונה טכניון,Shopping,Expense,15.0,
2026-07-22,בריאות כללית זיכוי,Health & Pharmacy,Income,8.86,
2026-07-22,PAYPAL APPLE.COM,Entertainment,Expense,11.9,
2026-07-23,הראל סיעוד כללית,Investment Fund,Expense,14.15,
2026-07-24,"טעינות ""חבר שלי",Entertainment,Expense,682.0,
2026-07-24,בהצדעה,Shopping,Income,68.0,
2026-07-25,צ'יקן עזריאלי,Shopping,Expense,139.0,
2026-07-25,מ.התחבורה פנגו מוביט,Transportation,Expense,96.0,
2026-07-25,AMPM,Groceries,Expense,89.9,
2026-07-26,"סטודנט בע""מ",Shopping,Expense,7.0,
2026-07-26,שווארמה נינוי,Restaurants,Expense,39.0,
2026-07-26,פנגו חשבונית חודשית,Transportation,Expense,12.22,
2026-07-27,"הנחת ילדי מח""צ",Utilities & Bills,Expense,456.82,
2026-07-28,ברדיצ'ב מרכז,Restaurants,Expense,80.0,
2026-07-28,פנגו כבישי אגרה,Transportation,Expense,2.82,
2026-07-29,בית הסטודנט,Shopping,Expense,7.0,
2026-07-30,בית הסטודנט,Shopping,Expense,15.0,
2026-07-31,אמריקן איגל,Shopping,Expense,205.68,
2026-07-31,"פול מק""ח",Shopping,Expense,200.6,
2026-07-31,מנגו,Shopping,Expense,251.79,
2026-08-01,מנדרין מוריה,Shopping,Expense,8.0,
2026-08-01,פלאנט חיפה אינטרנ,Utilities & Bills,Expense,4.5,
2026-08-01,בהצדעה,Shopping,Expense,30.0,
2026-08-03,מכונות אוטומטיות,Shopping,Expense,6.0,
2026-08-04,פז YELLOW,Transportation,Expense,210.15,
2026-08-04,מרכז הכרמל,Shopping,Expense,97.0,
2026-08-04,מכונות אוטומטיות,Shopping,Expense,4.5,
2026-08-06,שווארמה האחים,Restaurants,Expense,70.0,
2026-08-07,קריית אתא,Shopping,Expense,15.0,
2026-08-09,קפה טכניון,Restaurants,Expense,15.0,
2026-08-13,PANDA WOK,Restaurants,Expense,49.0,
2026-08-14,בר מסעדה יפני,Restaurants,Expense,320.0,
2026-08-15,לאומי הוראות,Utilities & Bills,Expense,171.0,
2026-08-15,טוקה מתחם הנמל,Entertainment,Expense,27.0,
2026-08-16,בהצדעה,Shopping,Expense,65.0,
2026-08-16,נונה טכניון,Shopping,Expense,6.0,
2026-08-17,נונה טכניון,Shopping,Expense,6.0,
2026-08-17,קפה טכניון,Restaurants,Expense,15.0,
2026-08-18,פז YELLOW,Transportation,Expense,309.42,
2026-08-19,ברדיצ'ב מרכז,Restaurants,Expense,52.0,
2026-08-20,חוצות המפרץ,Shopping,Expense,55.0,
2026-08-21,אמריקן איגל,Shopping,Expense,19.9,
2026-08-22,מכבי חיפה (איצטדיון),Entertainment,Expense,280.0,
2026-08-22,איצטדיון סמי עופר,Entertainment,Expense,17.0,
2026-08-22,איצטדיון סמי עופר,Entertainment,Expense,40.0,
2026-08-22,קפה סילבה,Restaurants,Expense,82.0,
2026-08-22,PAYPAL APPLE.COM,Entertainment,Expense,12.9,
2026-08-22,PAYPAL PIITEL,Shopping,Expense,202.99,
2026-08-23,הראל סיעוד כללית,Investment Fund,Expense,14.18,
2026-08-23,שרותי בריאות כללית,Health & Pharmacy,Expense,39.55,
2026-08-23,פי הקריון בע,Shopping,Expense,91.0,
2026-08-23,"היפרטרוניקס בע""מ",Utilities & Bills,Expense,107.0,
2026-08-25,מ.התחבורה פנגו מוביט,Transportation,Expense,101.33,
2026-08-25,פז YELLOW,Transportation,Expense,308.57,
2026-08-25,בניה שיפוץ,Shopping,Expense,28.9,
2026-08-25,חומרי בניי,Shopping,Expense,24.0,
2026-08-26,פנגו חשבונית חודשית,Transportation,Expense,0.54,
2026-08-27,"הנחת ילדי מח""צ",Utilities & Bills,Expense,458.12,
2026-08-27,בר גרנד קניו,Restaurants,Expense,142.8,
2026-08-27,ברדיצ'ב מרכז,Restaurants,Expense,10.0,
2026-08-30,פז YELLOW,Transportation,Expense,199.09,
2026-08-30,מכבי חיפה (איצטדיון),Entertainment,Expense,132.0,
2026-09-02,שלומי בן שיטרית,Utilities & Bills,Expense,450.0,
2026-09-03,יד שרה,Shopping,Expense,150.0,
2026-09-05,נולה סוקס,Restaurants,Expense,40.0,
2026-09-05,אייר חיפה,Entertainment,Expense,120.0,
2026-09-05,המבשלה,Entertainment,Expense,134.0,
2026-09-05,שדה תעופה,Utilities & Bills,Expense,10.0,
2026-09-05,אייר חיפה,Entertainment,Expense,48.68,
2026-09-06,ומשה אספרסו בע,Restaurants,Expense,15.0,
2026-09-06,"טעינות ""חבר שלי",Entertainment,Expense,773.0,
2026-09-06,LIME PAYOFF TDA7,Transportation,Expense,31.3,
2026-09-06,עסקת תשלומים (גמא),Utilities & Bills,Expense,2062.0,
2026-09-06,ביליבונג,Shopping,Expense,10.0,
2026-09-06,החוף של,Shopping,Expense,170.0,
2026-09-07,חזון הארץ,Shopping,Expense,45.0,
2026-09-07,מגנוליה קניון אילת,Shopping,Expense,313.5,
2026-09-07,שרותי בריאות כללית,Health & Pharmacy,Expense,41.0,
2026-09-08,פארם גרנד קניון,Health & Pharmacy,Expense,141.6,
2026-09-08,רולדין אילת,Restaurants,Expense,38.0,
